Pilote,GP,Saison,Réalité,Prédiction
Nico HULKENBERG,São Paulo,2023,16.37201206776514,16.69819573938821
Will STEVENS,Chine,2015,18.728857090442123,18.816835070887414
Sebastian VETTEL,Styrie,2020,18.909448818897637,18.786213247109977
Kimi RAIKKONEN,Mexique,2015,19.16682156133829,18.661125749898314
Lando NORRIS,Hongrie,2021,17.459255877653504,17.604708347973215
Carlos SAINZ,Hongrie,2016,18.5188313170509,19.47365281040171
Charles LECLERC,Etats-Unis,2018,17.126791220750953,17.30389081950984
Alexander ALBON,Grande-Bretagne,2023,14.85825836021049,15.09539633561232
Lance STROLL,Canada,2024,16.670717725292363,16.8733172918201
Fernando ALONSO,Hongrie,2021,17.510842273453548,17.646201957131385
Nico ROSBERG,Allemagne,2016,16.257761259291648,16.26640758019023
Max VERSTAPPEN,Canada,2022,18.642283879844076,20.04719298867841
Charles LECLERC,Mexico City,2023,17.928903345724905,17.927130487973162
Charles LECLERC,Japon,2024,15.252705720666553,15.192980911663163
Romain GROSJEAN,Malaisie,2015,20.38246436947501,20.74213635663505
Max VERSTAPPEN,France,2019,15.25490530626173,15.296225442182969
Kevin MAGNUSSEN,Australie,2015,17.437855248200076,16.820448466055534
Alexander ALBON,Belgique,2024,16.343946316390635,16.45733341069632
Charles LECLERC,Bahreïn,2024,16.520140428677013,16.513647095445734
Lance STROLL,Brésil,2019,16.137386864701785,16.07633281476816
Carlos SAINZ,São Paulo,2021,15.972615456022277,16.10600667839273
Charles LECLERC,Portugal,2020,16.567805716741887,16.668477854315793
Fernando ALONSO,Belgique,2015,15.908052541404913,15.730345185247863
Felipe MASSA,Brésil,2015,16.80552332327686,16.848057471935014
Kevin MAGNUSSEN,Bahreïn,2024,16.727457501847745,16.70584494382738
Daniel RICCIARDO,Chine,2024,17.415886993212254,17.411627019825286
Kevin MAGNUSSEN,Espagne,2019,16.517500536826283,16.690928390921343
Lando NORRIS,Miami,2022,16.589648798521257,16.603594115734573
Pastor MALDONADO,Autriche,2015,16.29782306623437,16.246386206298006
Lewis HAMILTON,Hongrie,2022,17.83656699383702,17.806455573564403
George RUSSELL,Hongrie,2022,17.661949326637753,17.78739668748997
Lance STROLL,Arabie saoudite,2024,14.345966958211855,14.33486817309769
Lance STROLL,Autriche,2024,15.24293654469662,15.132965272457538
Guanyu ZHOU,Singapour,2024,18.634412955465585,18.52382093681268
Pascal WEHRLEIN,Malaisie,2017,16.865055024355044,16.89528793304021
Daniel RICCIARDO,Belgique,2020,14.571816105082812,15.112410898650007
Marcus ERICSSON,Canada,2017,17.082091263471682,17.012129349289907
Kevin MAGNUSSEN,Belgique,2020,14.893489434608794,15.042190371939885
Esteban OCON,Belgique,2021,17.63463735008567,17.284856622583796
Sergio PEREZ,São Paulo,2024,20.459039220236715,20.24826303015269
Antonio GIOVINAZZI,Styrie,2021,15.033117183881426,15.06666324416218
Felipe MASSA,Hongrie,2015,19.068020999771743,19.010717939772885
Max VERSTAPPEN,Grande-Bretagne,2018,14.7007299270073,14.6684994531708
Nico HULKENBERG,Bahreïn,2022,17.142830746489285,16.935791488544155
Kimi RAIKKONEN,Bahreïn,2019,16.4490022172949,16.618503151261617
Kevin MAGNUSSEN,70e Anniversaire,2020,14.978102189781023,14.830971782348076
Nico HULKENBERG,Europe,2016,17.461935698817257,17.45801697788518
Carlos SAINZ,Portugal,2020,16.6602192134107,16.692115954893644
Lance STROLL,Arabie saoudite,2021,14.474894719792678,14.50662151909593
Antonio GIOVINAZZI,Autriche,2019,14.863131079203336,15.00884969467648
Alexander ALBON,Espagne,2024,15.708181232553146,15.721689338887536
Max VERSTAPPEN,Russie,2019,15.784883720930234,15.935208550514723
Esteban OCON,Brésil,2018,15.959619401253189,16.001997482890783
Nico HULKENBERG,Singapour,2024,18.241902834008094,18.348637324877572
Esteban OCON,70e Anniversaire,2020,14.770157867934136,14.753275670942388
Carlos SAINZ,Espagne,2018,16.703886622289026,16.806385668878956
Sebastian VETTEL,Styrie,2021,15.02431681333951,14.976239956984694
George RUSSELL,Émilie-Romagne,2020,15.343858219596662,15.41473146400261
Charles LECLERC,Belgique,2022,14.927612792689892,14.809549418276898
Will STEVENS,Abou Dhabi,2015,20.12819541753456,19.79302523322998
Lance STROLL,Etats-Unis,2019,17.06874659894794,17.120319814627788
Kimi RAIKKONEN,Belgique,2015,15.647629925756712,15.500590641618569
Lance STROLL,Italie,2022,14.284136026238563,14.314404324730186
Oscar PIASTRI,Hongrie,2024,17.176215475918738,17.360367099087632
Mick SCHUMACHER,Hongrie,2022,18.078520885642547,17.998277950248113
Romain GROSJEAN,Abou Dhabi,2016,19.231963643249383,19.404722680823856
Carlos SAINZ,Italie,2023,13.860521318833074,13.894049128335345
Daniel RICCIARDO,Mexique,2016,18.38592007434944,18.40922200557326
Guanyu ZHOU,Mexico City,2024,18.139405204460967,18.007520139758174
Jenson BUTTON,Australie,2015,17.321333838575217,16.895400905937112
Pierre GASLY,Australie,2023,14.716748768472904,14.79837263870259
Nico HULKENBERG,Australie,2018,15.826449412656308,15.812117304509693
Lando NORRIS,Émilie-Romagne,2022,18.1566510490935,17.37623923858745
Charles LECLERC,São Paulo,2022,17.54722673474124,16.528059014444715
Kimi RAIKKONEN,Monaco,2015,22.902906802517226,22.80092548633206
Oscar PIASTRI,Autriche,2024,15.064381658175083,15.518251358036588
Lando NORRIS,São Paulo,2022,16.77024831747505,16.84206409362911
Nico HULKENBERG,Mexique,2016,18.431691449814124,18.64448497031217
Stoffel VANDOORNE,France,2018,15.895239720184271,15.821672938434398
Fernando ALONSO,Grande-Bretagne,2015,16.11933457817009,16.266931385036322
Marcus ERICSSON,Russie,2016,17.017612859097127,16.871232381819325
Romain GROSJEAN,Australie,2016,16.73399014778325,16.44186087381694
Felipe NASR,Canada,2016,17.579224948406328,17.319218041980104
Nico HULKENBERG,Chine,2015,18.20143093010457,17.730172014243866
Sebastian VETTEL,Brésil,2017,15.864469714550939,15.960720572118893
Sebastian VETTEL,Australie,2019,15.382720727548312,15.450611289615066
Marcus ERICSSON,Autriche,2018,15.164196387216306,15.140758998056919
Lando NORRIS,Pays-Bas,2022,16.71143460906316,16.811210077853396
Kevin MAGNUSSEN,Canada,2023,18.729190552625546,19.708738878843935
Charles LECLERC,Belgique,2023,15.275271273557967,15.432672840801724
Felipe NASR,Canada,2015,17.56936482458152,17.530784329423764
Fernando ALONSO,Malaisie,2016,17.5275121775212,17.060424930746105
Lewis HAMILTON,Canada,2015,17.05870213253841,17.150253699384763
Brendon HARTLEY,Autriche,2018,15.138026864289024,15.100984142129215
Robert KUBICA,Pays-Bas,2021,16.741253815449635,16.798088716815595
Lando NORRIS,Japon,2023,15.37416251503178,15.545667992566072
Charles LECLERC,Pays-Bas,2023,17.061516787978395,17.278039593606564
Lewis HAMILTON,Bahreïn,2019,16.29526977087953,16.307586007784003
Alexander ALBON,Russie,2019,16.962551299589602,15.966318184169108
Brendon HARTLEY,Russie,2018,16.251196990424077,16.25689758452386
Mick SCHUMACHER,Australie,2022,15.245358090185675,15.18798322624731
Max VERSTAPPEN,Italie,2018,13.915933022613498,13.951504228416134
Valtteri BOTTAS,Mexique,2019,17.504182156133826,17.476566590056166
Max VERSTAPPEN,Australie,2016,16.186813186813186,16.36080102801527
Yuki TSUNODA,Japon,2022,15.60006871671534,15.688286149560565
Carlos SAINZ,Italie,2015,14.7795615397894,15.069790145086165
Fernando ALONSO,Bahreïn,2024,16.54508499630451,16.618882758325675
Carlos SAINZ,Belgique,2022,14.891062250142776,14.985597721664089
Esteban OCON,Singapour,2022,23.549999999999997,22.755915314077434
Charles LECLERC,Hongrie,2021,17.46085368637297,17.456121140790067
Lewis HAMILTON,Japon,2017,15.00068716715341,15.0904006442166
Nico HULKENBERG,Australie,2019,15.642667677150435,15.658147832654622
Sergio PEREZ,Singapour,2018,19.83502024291498,19.973028281525878
Carlos SAINZ,Bahreïn,2018,16.627124907612714,16.61829829545987
Guanyu ZHOU,Chine,2024,17.52063841496973,17.39838558953769
Kevin MAGNUSSEN,Hongrie,2019,17.594384843643002,17.52496054607347
Guanyu ZHOU,Etats-Unis,2022,17.589334300743698,17.574904887197526
Max VERSTAPPEN,Brésil,2019,15.666744024135529,15.78059418845385
Carlos SAINZ,Russie,2021,17.52906976744186,18.133492958608457
Fernando ALONSO,Grande-Bretagne,2022,17.33423866915634,17.451144887617602
Daniil KVYAT,Brésil,2016,16.87769784172662,16.776853589042965
Carlos SAINZ,Belgique,2020,14.625642490005712,14.68286321423719
Yuki TSUNODA,Bahreïn,2023,17.09349593495935,16.850279392421033
Valtteri BOTTAS,Autriche,2023,15.21074571560908,19.28612371388849
Sergio PEREZ,Autriche,2016,15.788327929597038,15.7437074026254
Daniil KVYAT,Singapour,2015,21.203441295546558,21.359193435062263
Daniel RICCIARDO,Hongrie,2019,17.63455832001826,17.355831322069143
Lance STROLL,Monaco,2023,21.7629607431825,21.664163365091422
Nicholas LATIFI,Espagne,2021,17.010736525660295,16.986874307309474
Lando NORRIS,Grande-Bretagne,2023,14.761670344593448,14.998184809315214
Carlos SAINZ,Espagne,2020,16.543697659437406,16.68366291350677
Sebastian VETTEL,Australie,2022,15.374952633573322,15.144260279711553
Max VERSTAPPEN,Bahreïn,2019,16.39911308203991,16.458653831729425
Lewis HAMILTON,Brésil,2017,16.450452541192853,15.888999793937302
Nico HULKENBERG,Grande-Bretagne,2017,15.083347479205568,15.150561059560447
Felipe MASSA,Abou Dhabi,2015,19.268888468093166,19.261512791214894
Pierre GASLY,Azerbaïdjan,2018,17.40729635182409,17.09660969193923
Daniel RICCIARDO,Malaisie,2015,20.122857658307776,19.566365735506533
Carlos SAINZ,Eifel,2020,16.843240093240095,16.808598782197652
Nico HULKENBERG,Eifel,2020,17.098096348096348,16.76127468829019
Lewis HAMILTON,Canada,2023,20.09332721852786,19.753922325468302
George RUSSELL,Espagne,2024,15.396821988404552,15.649655767400468
Daniel RICCIARDO,Las Vegas,2023,15.208514755684567,15.274996974429769
Fernando ALONSO,Monaco,2023,21.41114773748876,21.662577255051048
Fernando ALONSO,Chine,2015,18.213171895065127,17.846705469546688
Lance STROLL,France,2019,15.650230336120117,16.07601388375252
Yuki TSUNODA,Italie,2024,13.972898325565335,13.988326940149111
Max VERSTAPPEN,Pays-Bas,2021,16.173984503404554,15.92767204347021
Kevin MAGNUSSEN,Singapour,2017,21.00323886639676,20.788025558164065
Sebastian VETTEL,Australie,2016,16.043008715422506,16.15229669440612
Liam LAWSON,Mexico City,2024,17.927973977695167,17.870349975249685
Kevin MAGNUSSEN,Japon,2024,15.483765676000688,15.397562751702955
Sebastian VETTEL,70e Anniversaire,2020,14.781531149210661,14.632410789189898
Alexander ALBON,Grande-Bretagne,2020,14.691054150398914,14.64580156165831
Yuki TSUNODA,Azerbaïdjan,2021,17.026653339996667,17.136293091295396
Fernando ALONSO,Azerbaïdjan,2017,17.380309845077463,17.18306938886353
Carlos SAINZ,Mexico City,2022,18.204228624535315,18.10190403381421
Lance STROLL,Grande-Bretagne,2017,17.41181463249024,15.204743297189813
Nicholas LATIFI,Turquie,2020,26.528849756463092,22.37169752787325
Fernando ALONSO,Émilie-Romagne,2022,18.171114279894073,16.96593709272438
Lewis HAMILTON,Hongrie,2021,17.21501940196302,17.289435547975856
Esteban OCON,Etats-Unis,2016,17.92236531833847,18.168130105270894
Max VERSTAPPEN,Malaisie,2015,20.202237055745986,19.267517816941968
Valtteri BOTTAS,Japon,2024,15.391341693867034,15.483822805681607
Fernando ALONSO,Monaco,2021,21.63769853161522,21.40224184627276
Felipe NASR,Grande-Bretagne,2016,15.879137667628585,16.023814302532003
George RUSSELL,Espagne,2021,16.99677904230191,16.773199700719662
Max VERSTAPPEN,Etats-Unis,2021,16.852893161617992,17.12496715658205
Felipe NASR,Espagne,2015,18.897358814687568,18.685393213383865
Rio HARYANTO,Europe,2016,17.602032317174743,17.714385932040653
Romain GROSJEAN,Allemagne,2018,15.860078705728029,16.12409886843306
Nico ROSBERG,Singapour,2015,21.33906882591093,21.06764157460645
Daniel RICCIARDO,Canada,2022,19.20408163265306,20.29399050669911
Liam LAWSON,Pays-Bas,2023,19.586757454801596,18.076889972128846
Max VERSTAPPEN,Belgique,2018,17.528412335808113,16.48549746926648
Valtteri BOTTAS,Australie,2018,15.836870026525197,15.40025421011488
Sergio PEREZ,Mexico City,2021,17.73745353159851,17.987426795805295
Jenson BUTTON,Monaco,2015,23.10248726400959,23.491080672028378
Lance STROLL,Monaco,2019,21.829787234042552,21.44217602539903
Carlos SAINZ,Belgique,2015,15.67261564820103,15.642556536027367
Max VERSTAPPEN,Singapour,2024,18.163562753036437,18.26691251376511
Sergio PEREZ,Mexico City,2023,17.98861524163569,18.10055413378799
Lewis HAMILTON,Grande-Bretagne,2020,14.31047360380241,14.466618955506396
Lando NORRIS,Toscane,2020,14.612011439466158,14.722393449269134
Lewis HAMILTON,Autriche,2019,14.650764242704957,14.766865387213425
Rio HARYANTO,Russie,2016,17.008036935704514,17.022882821408235
Kimi RAIKKONEN,Allemagne,2019,15.858766943594228,16.077660943261098
Yuki TSUNODA,Grande-Bretagne,2023,15.281785774910881,15.113600044553689
Kimi RAIKKONEN,Espagne,2017,17.0579772385656,17.066475176156892
Daniel RICCIARDO,Autriche,2024,15.120194534506718,15.168129955707336
Romain GROSJEAN,Abou Dhabi,2017,18.844158303351637,18.750588727090822
Valtteri BOTTAS,Abou Dhabi,2023,16.05529255822761,16.069509358105282
Max VERSTAPPEN,Monaco,2019,21.169014084507044,21.105638058288722
Sergio PEREZ,Belgique,2016,15.335094231867505,15.38526341158978
Marcus ERICSSON,Malaisie,2016,17.285946238499008,17.442305912413918
Sebastian VETTEL,Russie,2017,15.936046511627907,16.166211742090216
Daniel RICCIARDO,Espagne,2015,18.632166630878245,18.419578558475934
Max VERSTAPPEN,Belgique,2022,14.800828098229584,14.88440740217395
George RUSSELL,Las Vegas,2024,14.886631188517981,15.914869270398857
Max VERSTAPPEN,Italie,2022,13.862592784394959,14.078225156578714
Carlos SAINZ,Monaco,2019,21.401558285885525,21.448942931433894
Nicholas LATIFI,Abou Dhabi,2021,15.970081423972733,16.26659467664268
Lance STROLL,Monaco,2017,22.443212466287083,22.239525141790907
Sergio PEREZ,France,2018,15.774441221634536,15.778655117819431
Daniel RICCIARDO,Qatar,2021,15.352602230483273,15.254580827260975
Esteban OCON,Singapour,2017,20.801619433198375,20.768078799523916
Sebastian VETTEL,Australie,2018,15.505494505494504,15.43490831201002
Charles LECLERC,Mexique,2019,17.431226765799256,17.615497564493534
Antonio GIOVINAZZI,Monaco,2021,21.510038957147135,21.545482241992836
Valtteri BOTTAS,Canada,2016,16.892914469158452,17.153962318334322
Carlos SAINZ,Russie,2017,16.40697674418605,16.43486154639126
Lewis HAMILTON,Australie,2023,14.60856384994316,14.597861423539062
Max VERSTAPPEN,Styrie,2020,18.64034275127374,18.558507826360497
Sergio PEREZ,Singapour,2017,20.69757085020243,20.615646883525923
Kevin MAGNUSSEN,Azerbaïdjan,2018,17.45110777944361,17.28594098334625
Sergio PEREZ,Émilie-Romagne,2021,15.165206763088205,15.480712064108948
Lance STROLL,Etats-Unis,2023,17.520224922909488,17.3528261064718
Sergio PEREZ,Autriche,2020,14.791106993978696,15.265073791015213
Nico HULKENBERG,Autriche,2019,14.941176470588237,14.980134886398822
Yuki TSUNODA,Pays-Bas,2024,16.66001408781404,16.902388468189542
Fernando ALONSO,Singapour,2022,22.260323886639675,22.816002974659174
Stoffel VANDOORNE,Bahreïn,2017,17.05709534368071,16.82338655100052
Daniil KVYAT,Italie,2017,16.95926117728293,16.998462959970144
Pierre GASLY,São Paulo,2021,15.961243908099327,16.20338098966848
Pascal WEHRLEIN,Etats-Unis,2016,17.875566842009796,18.197306821534745
Jolyon PALMER,Chine,2016,18.258668134287287,18.154370842636364
Sergio PEREZ,France,2019,15.481658420064836,15.52762103759505
George RUSSELL,Mexique,2019,18.31389405204461,18.094452895900055
Nico HULKENBERG,Pays-Bas,2024,16.721061281991076,16.908687163793687
Franco COLAPINTO,Abou Dhabi,2024,15.889414883544786,15.918453374519427
Charles LECLERC,Canada,2023,18.485439119468012,19.878238706052716
Fernando ALONSO,Hongrie,2015,19.314996576124173,19.05357339866349
Mick SCHUMACHER,Japon,2022,15.708469335165779,15.729871884212255
Guanyu ZHOU,Hongrie,2024,17.812599863044966,17.458337232700924
Nicholas LATIFI,Bahreïn,2021,16.987435328898744,17.014503147530828
Jolyon PALMER,Russie,2016,16.930403556771545,16.864928354028073
Nicholas LATIFI,Italie,2021,14.142068013119282,14.10447596983197
Will STEVENS,Grande-Bretagne,2015,16.52758445085724,16.93807904452983
Kevin MAGNUSSEN,Autriche,2022,15.256831866604912,15.395077248935136
Valtteri BOTTAS,Australie,2016,16.28666161424782,16.359423709870185
Valtteri BOTTAS,Chine,2024,17.366538249862412,17.43664587117451
Carlos SAINZ,Abou Dhabi,2015,19.448589282332893,19.58564898041735
Felipe MASSA,Singapour,2015,21.47307692307692,21.449589418547447
Sebastian VETTEL,Émilie-Romagne,2020,15.356488083112652,15.363702032247234
Felipe MASSA,Russie,2015,17.081908344733243,16.864432611707233
Nico HULKENBERG,Brésil,2015,16.770712462288234,16.93195979031918
Guanyu ZHOU,Las Vegas,2024,15.088856636026449,15.193473499392535
Jenson BUTTON,Etats-Unis,2015,21.9831307817885,21.17501185610301
Pierre GASLY,Toscane,2020,14.704480457578645,14.664918285942136
Valtteri BOTTAS,Miami,2024,16.351756007393714,16.331025544243726
Marcus ERICSSON,Italie,2018,14.163300535128604,14.219431190390136
Daniil KVYAT,Hongrie,2017,17.92695731568135,17.81504159002303
Charles LECLERC,Grande-Bretagne,2022,17.195382787302666,17.42162694723789
Kimi RAIKKONEN,Grande-Bretagne,2021,14.948565608555423,14.924500623733616
Daniel RICCIARDO,Allemagne,2016,16.337122868386533,16.39962599930164
Lewis HAMILTON,Azerbaïdjan,2022,17.14542728635682,17.13528403238188
Sergey SIROTKIN,Espagne,2018,17.112948249946317,16.880095224017367
Lewis HAMILTON,Autriche,2020,14.578740157480317,14.6900956366741
Charles LECLERC,Bahreïn,2020,16.47542498152254,16.34081961630951
Pierre GASLY,Japon,2023,15.548702971997939,15.569698819906627
Lance STROLL,Espagne,2020,16.44599527592871,16.70905545850211
Romain GROSJEAN,Singapour,2015,21.541093117408906,21.616443078667128
Kevin MAGNUSSEN,Azerbaïdjan,2022,17.431784107946026,17.245980988509952
Mick SCHUMACHER,Etats-Unis,2021,17.50389987302739,17.479207815871355
Fernando ALONSO,Chine,2017,17.31278664465236,17.322144311824967
Sebastian VETTEL,Chine,2017,16.852687580260504,16.90194115567498
Sergio PEREZ,Europe,2016,17.243878060969514,17.477088223135485
Kevin MAGNUSSEN,Grande-Bretagne,2022,17.341537939229333,17.34678252808568
Guanyu ZHOU,Miami,2022,16.824399260628464,16.529773663190728
Daniel RICCIARDO,Australie,2018,15.56498673740053,15.700688657913807
Nico HULKENBERG,Azerbaïdjan,2017,17.369148758953855,17.177744500794894
Kevin MAGNUSSEN,Abou Dhabi,2020,18.53114940352206,18.411018060429676
Charles LECLERC,Espagne,2019,16.445780545415502,16.505324188512734
Lance STROLL,Japon,2018,15.583920288610205,15.719913966070441
Pierre GASLY,Portugal,2021,17.080378250591014,17.000809306889167
Guanyu ZHOU,São Paulo,2023,16.540960779763285,16.794885914550843
Nico HULKENBERG,Espagne,2016,18.080953403478635,18.14249995631111
Lance STROLL,Arabie saoudite,2023,14.406381600259149,14.603039798109918
Robert KUBICA,Japon,2019,15.527228998453877,15.613364101883901
Alexander ALBON,Japon,2019,15.09208039855695,15.192328080524385
Alexander ALBON,Azerbaïdjan,2022,17.444444444444443,17.23313947052284
Max VERSTAPPEN,Autriche,2015,16.121352477999075,16.128348990616
Daniil KVYAT,Bahreïn,2017,16.800258684405026,16.83996005166774
Esteban OCON,Azerbaïdjan,2022,17.25553889721806,17.223786520064657
Daniel RICCIARDO,Espagne,2017,17.21601889628516,17.186095745067608
Felipe MASSA,Mexique,2015,18.719098513011154,18.87633810830747
Sergio PEREZ,Styrie,2020,18.899258916164893,18.365701114221164
George RUSSELL,Russie,2019,16.305745554035568,16.22305054379411
Lewis HAMILTON,Etats-Unis,2019,16.746054779611825,16.69039464509264
Max VERSTAPPEN,Turquie,2021,15.585612588984638,15.054086760468806
Sergio PEREZ,Las Vegas,2023,15.135462022254474,16.243441890573408
Lance STROLL,Japon,2023,15.66414705377083,15.606593440177475
Max VERSTAPPEN,Azerbaïdjan,2017,16.97134765950358,16.996429141683674
Mick SCHUMACHER,São Paulo,2021,16.321420283128337,16.64839431027205
Sebastian VETTEL,Bahreïn,2017,16.49057649667406,16.584764608352945
Alexander ALBON,Canada,2019,16.55423068103646,16.64548122125419
Marcus ERICSSON,Mexique,2015,18.94609665427509,19.04206853748776
Max VERSTAPPEN,Grande-Bretagne,2017,14.96010864029876,14.91203256750302
Charles LECLERC,Espagne,2024,15.402834442774317,15.592829285886777
Jolyon PALMER,Autriche,2017,15.364752200092637,15.345616476996858
Fernando ALONSO,Japon,2024,15.235526541831302,15.39698724499086
Carlos SAINZ,Italie,2017,17.00776799585707,16.980188891477585
Pastor MALDONADO,Russie,2015,17.067544459644324,16.897721339791975
Pierre GASLY,Hongrie,2019,17.22209541200639,17.161598229762596
Nicholas LATIFI,Pays-Bas,2021,16.708382249354308,16.782638341528717
Sergio PEREZ,Espagne,2017,17.408202705604467,17.365938548639903
Jenson BUTTON,Hongrie,2015,19.342387582743665,19.038544379097154
Carlos SAINZ,France,2018,15.718478075413753,15.786107736572605
Esteban OCON,Canada,2017,16.770236184361387,16.867266754378477
Pierre GASLY,Italie,2019,14.003970308993612,13.91226227103953
Sebastian VETTEL,Allemagne,2018,15.568867512024488,15.900594949350797
Robert KUBICA,Italie,2019,14.216468151216985,14.197515393713083
Carlos SAINZ,Las Vegas,2024,14.902435091114336,14.968533544390711
Valtteri BOTTAS,Australie,2023,14.913603637741566,14.832774521503572
Daniil KVYAT,Abou Dhabi,2016,19.31509183866692,19.271079434580464
Brendon HARTLEY,Azerbaïdjan,2018,19.549225387306347,17.162929245092666
Lando NORRIS,Belgique,2022,15.159623072529984,15.04856143561029
Lance STROLL,Azerbaïdjan,2023,16.92670331500916,17.3599294473472
Fernando ALONSO,Arabie saoudite,2023,14.37155814706835,14.501305811320936
Guanyu ZHOU,Mexico City,2022,18.465613382899626,18.445503683500093
Daniil KVYAT,Chine,2017,17.192992111539166,17.212094515706635
George RUSSELL,Italie,2019,14.120490246849645,14.063799525295908
Daniel RICCIARDO,Bahreïn,2022,17.173872875092385,16.913908190292407
Liam LAWSON,Las Vegas,2024,15.200290275761976,14.992178346310057
Charles LECLERC,Bahreïn,2019,16.23540280857354,16.37925448181602
Nico HULKENBERG,Canada,2018,16.503783535886264,16.600977512251514
Yuki TSUNODA,Canada,2022,22.145150194909426,20.03157536622529
Lando NORRIS,Émilie-Romagne,2024,15.244856386229376,15.388341447377053
Liam LAWSON,Qatar,2023,16.10315985130112,15.830657228568942
Daniel RICCIARDO,Autriche,2021,14.988188976377952,15.295795251569416
Yuki TSUNODA,Italie,2022,14.256343863283274,14.253247239657927
Alexander ALBON,Singapour,2024,18.314574898785423,18.341479441102233
Carlos SAINZ,Émilie-Romagne,2020,15.25993073945814,15.247193280326254
Lando NORRIS,Azerbaïdjan,2022,17.22438780609695,17.130438815826
Antonio GIOVINAZZI,France,2019,15.939259512028665,15.650903328012346
Fernando ALONSO,São Paulo,2022,16.82617776746345,16.847492816228797
Daniel RICCIARDO,Hongrie,2024,17.449669025336682,17.486866421433117
Guanyu ZHOU,Italie,2022,14.254617641981701,14.281332643375993
Max VERSTAPPEN,Etats-Unis,2018,17.188826410302923,16.899509892458198
Oliver BEARMAN,Azerbaïdjan,2024,17.152756954855906,17.1239107520702
Alexander ALBON,Mexico City,2024,17.905436802973977,18.06355706760989
Nico HULKENBERG,Brésil,2019,15.994662334648408,15.98176861102599
Daniel RICCIARDO,Australie,2019,15.64418340280409,15.596515241787078
Pierre GASLY,Mexico City,2021,17.763940520446095,18.196306639435146
Valtteri BOTTAS,Émilie-Romagne,2020,14.994703605622325,15.11419911886252
Yuki TSUNODA,Arabie saoudite,2021,14.324910916747651,14.476221089659527
Valtteri BOTTAS,Etats-Unis,2015,21.827317250136044,21.565035708900176
Daniel RICCIARDO,Chine,2016,17.59622087690332,17.642714180497386
Nicholas LATIFI,Italie,2020,14.106162610046608,14.095618599844478
Sergio PEREZ,Canada,2017,16.74340747534969,16.834320665582027
Lance STROLL,Styrie,2021,14.985641500694767,15.049599435273723
Lewis HAMILTON,Etats-Unis,2023,17.20696535461636,17.114645988990013
George RUSSELL,France,2022,15.719331172154924,15.67279803167575
Carlos SAINZ,Etats-Unis,2015,23.09160166878288,21.88741768371337
Nico HULKENBERG,Australie,2016,16.26847290640394,16.421316964802497
Valtteri BOTTAS,Grande-Bretagne,2024,15.690205398064844,15.01372350212638
Sebastian VETTEL,São Paulo,2021,16.10559294499884,16.125182742198405
Antonio GIOVINAZZI,Émilie-Romagne,2021,15.506620492972093,15.229874107095673
Sergio PEREZ,Russie,2015,16.876025991792066,16.875010536744263
George RUSSELL,Turquie,2021,15.924878231547396,16.71572529562525
Lewis HAMILTON,Mexico City,2021,17.66263940520446,17.815191995547398
Rio HARYANTO,Bahreïn,2016,17.40391722099039,17.338282087570562
Oscar PIASTRI,Japon,2023,15.368149802439444,15.571058720693783
Daniel RICCIARDO,Australie,2017,16.014020462296322,15.976788342319718
Fernando ALONSO,Russie,2018,16.331053351573185,16.16684391820751
Alexander ALBON,Miami,2022,16.869870609981515,16.636928685408623
Romain GROSJEAN,Japon,2015,16.14275897612094,16.230581642122218
Antonio GIOVINAZZI,Etats-Unis,2019,17.09160166878288,17.253727585298687
Max VERSTAPPEN,Hongrie,2020,17.08491212052043,17.09539701213391
Felipe MASSA,Espagne,2017,17.442989048743826,17.41967989611721
Daniil KVYAT,Chine,2016,17.684645019262522,17.730411173749935
Nico HULKENBERG,Allemagne,2018,15.863576738084829,16.078352215422306
Max VERSTAPPEN,Belgique,2019,14.8043974871502,14.672564786073671
Sergio PEREZ,Australie,2017,16.119931792345586,16.065500726633402
Romain GROSJEAN,Autriche,2018,14.796665122742013,14.998389231697812
Daniil KVYAT,Portugal,2020,16.704921555985386,16.7009814096637
Carlos SAINZ,Pays-Bas,2024,16.650387414886122,16.484906603159658
Carlos SAINZ,Etats-Unis,2022,17.115182296390348,17.136583974584028
Esteban OCON,Las Vegas,2024,15.03322044831479,15.150687843790278
Pierre GASLY,Bahreïn,2023,17.03270509977827,16.86641688314018
Esteban OCON,Arabie saoudite,2024,14.492225461613215,14.328243616878504
Carlos SAINZ,Hongrie,2021,17.71125313855284,17.492589579442495
Kevin MAGNUSSEN,Hongrie,2020,17.382332800730428,17.414599899869614
Felipe MASSA,Allemagne,2016,16.531482291211194,16.552793626122728
Stoffel VANDOORNE,Italie,2017,17.116692559986188,16.11126307825437
Yuki TSUNODA,France,2021,22.623101859750896,15.669026715464213
Lewis HAMILTON,Las Vegas,2023,15.132559264634738,15.526061685214067
Nico HULKENBERG,Bahreïn,2018,16.550258684405026,16.58405449040732
Romain GROSJEAN,Monaco,2018,21.794426131255616,21.673658257027018
Max VERSTAPPEN,Mexique,2018,17.3756970260223,17.607219050401262
Max VERSTAPPEN,Autriche,2016,16.47823066234368,15.898193679978128
Sergio PEREZ,Etats-Unis,2021,16.893524396880103,17.193177835659974
Lando NORRIS,Japon,2019,15.197388764817042,15.301313945836208
Oscar PIASTRI,Mexico City,2023,18.035083643122675,18.266060709187922
Felipe MASSA,Chine,2017,17.154100165107323,17.365626830651475
Alexander ROSSI,Singapour,2015,22.575506072874493,22.13553069785942
Stoffel VANDOORNE,Canada,2017,17.01031873423527,16.86871355353023
Nico HULKENBERG,Italie,2016,14.299326773692387,14.358424717990305
Charles LECLERC,Australie,2024,14.481811292156118,14.569459118418683
Carlos SAINZ,Espagne,2019,16.662873094266697,16.683555444901685
Antonio GIOVINAZZI,Grande-Bretagne,2021,14.87302665082329,14.923760459237103
Esteban OCON,Émilie-Romagne,2024,15.46261967814219,15.472642359970363
Daniil KVYAT,Italie,2020,13.838943552563437,13.942187234460132
George RUSSELL,Hongrie,2019,17.582971924218217,17.754530679497588
Guanyu ZHOU,Bahreïn,2024,16.76958610495196,16.814241322043227
Carlos SAINZ,Belgique,2024,16.344517418617933,16.32187038571341
Kevin MAGNUSSEN,Japon,2019,15.52551108057035,15.288314665205336
Lewis HAMILTON,Malaisie,2017,16.25040591737326,16.296279027170183
Nico HULKENBERG,Monaco,2018,21.699430626311056,21.594037842850774
Max VERSTAPPEN,Hongrie,2023,17.487331659438482,17.517990104152123
Lewis HAMILTON,Hongrie,2023,17.486646884272997,17.647178581099915
Esteban OCON,Monaco,2024,21.362001798022174,21.284390869529783
Lance STROLL,Monaco,2022,22.079112975726698,21.901767513737582
Valtteri BOTTAS,Japon,2019,14.996220580656246,15.030250710949048
Logan SARGEANT,Autriche,2024,15.251505326540064,15.224974576024579
Marcus ERICSSON,Italie,2017,17.561194545140687,17.40547231915295
Fernando ALONSO,France,2022,15.791161917761473,15.842362134578508
Valtteri BOTTAS,Qatar,2021,15.144609665427511,15.047539157310851
Daniel RICCIARDO,São Paulo,2023,16.440705500116035,16.564843414102164
Valtteri BOTTAS,Italie,2020,13.629552908682893,13.594076233973949
Lando NORRIS,Brésil,2019,15.982362497099093,15.994815287246562
Nico HULKENBERG,Canada,2019,16.35496445769319,16.545449301447235
George RUSSELL,Etats-Unis,2022,17.229820424451297,17.26760569355147
Sergio PEREZ,France,2022,15.58351817096059,15.694918896204054
Sebastian VETTEL,Espagne,2022,17.383293966072582,17.2298882164752
Romain GROSJEAN,Monaco,2015,23.076715612825893,23.089707638635964
Pierre GASLY,Qatar,2023,15.716171003717472,15.778635087210949
George RUSSELL,São Paulo,2021,16.234161058250173,16.271767553507004
Nico ROSBERG,Bahreïn,2015,17.207871396895786,17.058609043459853
Carlos SAINZ,Brésil,2018,16.07542353214203,16.047380676421614
George RUSSELL,Australie,2023,14.582796513830996,14.594079498382992
Carlos SAINZ,Azerbaïdjan,2019,17.057804431117773,17.05900443928702
Fernando ALONSO,Espagne,2015,18.844749838952115,18.743822368131987
Felipe NASR,Abou Dhabi,2016,19.361295209240676,19.471725945400852
Sergio PEREZ,Malaisie,2015,18.666606530759516,19.831137645538195
Kimi RAIKKONEN,Etats-Unis,2019,17.117540359151096,17.079368860257564
Lando NORRIS,Grande-Bretagne,2019,14.63656425055169,14.73259964598585
Oscar PIASTRI,Miami,2023,16.355637707948244,16.273323035718104
Fernando ALONSO,Etats-Unis,2015,21.814801378559768,21.122038693621935
Lewis HAMILTON,Grande-Bretagne,2018,14.580207095569513,14.599220558736866
Lando NORRIS,Russie,2020,15.876709986320112,15.970491673677193
Nicholas LATIFI,Autriche,2021,15.098425196850393,15.162368201572828
Alexander ALBON,Bahreïn,2020,16.31079083518108,16.364954073766906
Will STEVENS,Japon,2015,16.970108228826664,17.57960893203678
Kevin MAGNUSSEN,Grande-Bretagne,2017,17.412493634357496,15.22423659912108
Daniil KVYAT,Abou Dhabi,2020,18.171369058890363,18.325326930736896
Romain GROSJEAN,Japon,2018,15.420202714310255,15.802050913414924
Marcus ERICSSON,Allemagne,2016,16.886313948404023,16.650741058777783
Kimi RAIKKONEN,São Paulo,2021,16.12972847528429,16.315012532030657
Sebastian VETTEL,Monaco,2021,21.402157626610727,21.435019833477636
Lance STROLL,Portugal,2021,17.174511068128087,17.032267538122365
Lewis HAMILTON,Hongrie,2024,17.314311800958684,17.666351498403326
Carlos SAINZ,Espagne,2017,17.47283659007945,17.385004590573683
Daniel RICCIARDO,Autriche,2022,15.426817971283002,15.962650606212135
Daniel RICCIARDO,Russie,2016,16.608242134062927,16.59486373780365
Charles LECLERC,Australie,2022,14.753315649867371,14.940256361546112
Fernando ALONSO,Autriche,2018,15.066697545159796,15.225487680952915
Kevin MAGNUSSEN,Chine,2016,18.10181618051734,18.159488983988034
Lewis HAMILTON,São Paulo,2023,16.58598282664191,16.43723601744787
Sergio PEREZ,Abou Dhabi,2017,18.627911380420375,18.577896080965417
Mick SCHUMACHER,Émilie-Romagne,2021,15.538602566714198,15.59955499428583
Valtteri BOTTAS,Etats-Unis,2022,17.289860330128786,17.392422123483737
Max VERSTAPPEN,Mexique,2017,17.79135687732342,17.81399992976276
Sebastian VETTEL,Singapour,2019,19.521659919028338,19.57773656957122
Pierre GASLY,Hongrie,2024,17.84204519516092,17.929809166012305
Felipe NASR,Bahreïn,2015,17.504988913525498,17.53421730066474
Carlos SAINZ,Portugal,2021,16.986675263271007,16.989959556387685
Daniil KVYAT,Europe,2016,17.444111277694486,17.53574841603561
Lance STROLL,Grande-Bretagne,2021,14.88117467323035,14.834148937175415
Nico HULKENBERG,Etats-Unis,2024,16.967894068565208,17.076246393706718
Romain GROSJEAN,Grande-Bretagne,2020,14.877440162960449,14.771113358308828
Lando NORRIS,Autriche,2023,14.974062065771191,15.423215934139709
Valtteri BOTTAS,France,2021,15.419894216004096,15.350581551825574
Charles LECLERC,São Paulo,2021,16.003713158505455,15.916262629712191
Lewis HAMILTON,Australie,2019,15.249336870026525,15.29679169038153
Nicholas LATIFI,Belgique,2021,16.855511136493433,17.531823739152
Sebastian VETTEL,Autriche,2020,14.869383974062067,14.790131872527802
Kimi RAIKKONEN,70e Anniversaire,2020,15.021728059752164,14.818078194881613
Esteban OCON,Belgique,2016,15.56967447173044,15.615449757239208
Pastor MALDONADO,Chine,2015,18.00293524124014,18.058608414676392
Antonio GIOVINAZZI,Mexico City,2021,18.19005576208178,18.200617332222553
Fernando ALONSO,Australie,2022,15.046987495263357,15.087001439548771
Sergio PEREZ,Malaisie,2017,16.53581093270792,16.528864921745946
Charles LECLERC,Monaco,2024,21.057836379982017,21.143643446257883
Jenson BUTTON,Chine,2015,18.212438084755092,18.192448541586028
Sergio PEREZ,Hongrie,2016,19.496918511755304,19.213704981082298
Lando NORRIS,Belgique,2024,16.273700742432897,16.22792740965289
Lance STROLL,São Paulo,2022,16.757948479925737,17.08937972038696
Daniel RICCIARDO,Grande-Bretagne,2017,17.47852656594806,14.979447478671453
Brendon HARTLEY,Bahreïn,2018,16.64911308203991,16.706888093735763
Sergio PEREZ,Singapour,2023,18.686234817813766,18.55347831096611
Lance STROLL,Etats-Unis,2022,17.340467984763286,17.46637522953332
Guanyu ZHOU,Mexico City,2023,18.134293680297397,18.288655942223283
Nico HULKENBERG,Singapour,2019,19.891497975708504,19.913271249165053
Romain GROSJEAN,Abou Dhabi,2018,18.21473205832229,18.47063761110855
Lewis HAMILTON,Singapour,2016,20.908502024291497,21.016464335423514
Sebastian VETTEL,Canada,2018,16.22655354276542,16.373359027788307
Fernando ALONSO,Azerbaïdjan,2022,17.186906546726636,17.189175978248777
Max VERSTAPPEN,Canada,2024,16.509974776427427,16.582480913262962
Sebastian VETTEL,Bahreïn,2019,16.289726533628972,16.38520868191332
Marcus ERICSSON,Singapour,2016,21.82732793522267,21.65967620497247
Kevin MAGNUSSEN,Sakhir,2020,10.108093126385809,10.165873631654108
Lando NORRIS,Hongrie,2020,17.111618351974432,17.213011158980347
Sergio PEREZ,Grande-Bretagne,2019,14.756068579188593,14.867262640775476
Sebastian VETTEL,Abou Dhabi,2016,18.87161522438932,19.2821655806046
Pastor MALDONADO,Malaisie,2015,18.43730831679596,20.77954106825157
Marcus ERICSSON,Brésil,2018,15.849617080529123,16.12142152747405
Daniel RICCIARDO,Singapour,2016,20.87348178137652,21.035023993442245
Fernando ALONSO,Etats-Unis,2016,17.670415381824778,17.68222609103784
Daniel RICCIARDO,Russie,2015,17.053351573187417,16.83826638423872
Sergio PEREZ,Azerbaïdjan,2017,17.009995002498748,17.151494991025242
Lewis HAMILTON,France,2021,15.398054939430132,15.364761570842196
Nikita MAZEPIN,Abou Dhabi,2021,16.225146752508994,16.173534718514087
Romain GROSJEAN,Eifel,2020,17.006993006993007,16.890076780870196
Carlos SAINZ,Hongrie,2015,19.14380278475234,19.23880771645109
Sergio PEREZ,Etats-Unis,2022,17.167603845456195,17.147922422644577
Valtteri BOTTAS,Japon,2018,15.127813090534273,15.490098214973669
Fernando ALONSO,Australie,2018,15.856763925729442,15.825525960839625
Kevin MAGNUSSEN,Autriche,2020,15.091245947197779,14.939081445452167
Carlos SAINZ,Australie,2015,16.76960970064418,16.815127821568755
Sergio PEREZ,Autriche,2021,14.819360815192221,17.28721001525036
Antonio GIOVINAZZI,Styrie,2020,18.951134784622514,18.63311106092828
Lance STROLL,Miami,2023,16.35415896487985,16.30572797476216
Daniel RICCIARDO,Singapour,2022,23.527530364372467,22.967091710829255
Lando NORRIS,Grande-Bretagne,2024,14.603632659989815,14.683089190072435
Sebastian VETTEL,Abou Dhabi,2022,16.088051505396706,16.19360071762947
Felipe MASSA,Autriche,2016,16.66905974988421,16.03768005120372
Pierre GASLY,Abou Dhabi,2020,18.224199962128385,18.324802286725678
Charles LECLERC,Mexico City,2022,18.251626394052046,18.06984261374981
George RUSSELL,Etats-Unis,2023,17.24632686377653,17.404170479996925
Carlos SAINZ,Pays-Bas,2021,16.32707208264851,16.334564494113557
Lewis HAMILTON,Canada,2018,16.279752350378352,16.258665882324365
Guanyu ZHOU,Qatar,2023,16.251301115241635,15.838791863688266
Pascal WEHRLEIN,Belgique,2017,15.373929183323817,15.42122537804716
Nico ROSBERG,Malaisie,2016,16.82554573335739,16.797910110490296
Mick SCHUMACHER,Azerbaïdjan,2022,17.620356488422455,17.443104685259193
Pastor MALDONADO,Australie,2015,16.953391436150056,16.841507548750677
Lando NORRIS,Canada,2022,21.35679889933502,20.314118282524575
Sebastian VETTEL,Mexique,2019,17.465148698884757,17.586422186393012
Nico HULKENBERG,Grande-Bretagne,2016,15.646240027160074,15.509094527284574
George RUSSELL,Italie,2021,14.050060417745554,14.064948435387496
Max VERSTAPPEN,Bahreïn,2020,16.200665188470065,16.304007414333316
Max VERSTAPPEN,Émilie-Romagne,2024,15.226319005907516,15.412743590403164
Lewis HAMILTON,Malaisie,2015,19.81490167779181,19.77114913247679
Mick SCHUMACHER,Arabie saoudite,2021,14.490443796566245,14.63713438389641
Lando NORRIS,Hongrie,2023,17.506048847295137,17.738888010813152
Valtteri BOTTAS,Etats-Unis,2016,17.61581715944132,17.708356031907595
Romain GROSJEAN,Abou Dhabi,2019,18.566748721832987,18.169664757567265
Lewis HAMILTON,Abou Dhabi,2016,18.700056807422836,18.824205578678182
Daniel RICCIARDO,Portugal,2021,17.15860735009671,16.98376512963831
Max VERSTAPPEN,Mexique,2015,18.75232342007435,18.78703488481889
Charles LECLERC,Pays-Bas,2022,16.52101432261094,16.44974174735706
George RUSSELL,Arabie saoudite,2021,14.424036281179138,14.630220764385696
Fernando ALONSO,Pays-Bas,2022,16.81451044846208,16.098062345892966
Felipe MASSA,Belgique,2015,15.517561393489435,15.54183200779612
Kimi RAIKKONEN,Eifel,2020,17.05846930846931,16.867321205913445
Lewis HAMILTON,Italie,2021,13.749525289142067,13.744376249583295
Antonio GIOVINAZZI,Abou Dhabi,2021,15.953607271350124,16.10914947128655
Alexander ALBON,Autriche,2023,15.243862899490509,15.374209330133853
Felipe NASR,Russie,2016,16.931942544459645,16.9008502867347
Valtteri BOTTAS,Canada,2019,16.30382939692731,16.19741648758726
Alexander ALBON,Portugal,2020,16.642381259402534,16.57162744074679
Max VERSTAPPEN,Singapour,2019,19.597773279352225,19.525370653460467
Esteban OCON,Japon,2022,15.489606596804672,15.610961864768173
Antonio GIOVINAZZI,Toscane,2020,14.722592945662536,14.712938637467882
Max VERSTAPPEN,São Paulo,2023,16.413785100951497,16.371688344166948
Lewis HAMILTON,Arabie saoudite,2022,14.632815030774214,14.359925659994596
Marcus ERICSSON,Hongrie,2018,22.158183063227572,23.694669083652776
Nico ROSBERG,Autriche,2016,15.855720240852248,15.65611136749438
Max VERSTAPPEN,Russie,2021,19.455198358413135,17.759541407577416
Valtteri BOTTAS,Arabie saoudite,2021,14.192095885973437,14.368449340443991
Daniel RICCIARDO,Toscane,2020,14.59351763584366,14.776646389240614
Kevin MAGNUSSEN,Autriche,2019,14.838351088466885,14.991144634902643
Lance STROLL,70e Anniversaire,2020,14.6711933457817,14.817339546608514
Will STEVENS,Mexique,2015,19.606412639405203,19.595821788902114
Carlos SAINZ,Singapour,2023,18.417813765182185,18.427672792065465
Yuki TSUNODA,Monaco,2023,21.60083907701528,21.74046815038825
Fernando ALONSO,Japon,2015,16.2832846589933,16.288382706433325
Sebastian VETTEL,Hongrie,2015,18.885870805752113,18.795335613769293
Carlos SAINZ,Grande-Bretagne,2017,15.509760651841791,15.158332404339466
Yuki TSUNODA,Azerbaïdjan,2023,16.921705813759786,17.142236331500836
Daniel RICCIARDO,Japon,2015,16.06201683559526,16.06483010103804
Nicholas LATIFI,Abou Dhabi,2022,16.295019882597995,16.503553320664096
Oscar PIASTRI,Autriche,2023,15.193376563223717,15.425717293387656
Kevin MAGNUSSEN,Etats-Unis,2016,17.833665880645746,18.058510794247045
Esteban GUTIERREZ,Bahreïn,2016,16.98909830007391,17.207536443031913
Sergio PEREZ,Pays-Bas,2021,16.560225405024653,16.365053532240644
Lando NORRIS,Abou Dhabi,2021,15.703654610869155,15.775902635375704
Charles LECLERC,São Paulo,2023,16.48201438848921,16.274736475870426
Fernando ALONSO,Grande-Bretagne,2017,15.379392293328806,15.162102008657458
Lewis HAMILTON,Monaco,2022,21.744081510338628,21.47173035564702
Pierre GASLY,France,2019,15.38713530114315,15.390277634589783
Fernando ALONSO,Brésil,2015,17.705500116036205,16.97655849880693
Lance STROLL,Bahreïn,2018,16.90742793791574,16.73971208326068
Kimi RAIKKONEN,Canada,2017,16.56775968814492,16.545854029839017
Lewis HAMILTON,Bahreïn,2023,16.700665188470065,16.63460767372656
Kevin MAGNUSSEN,Grande-Bretagne,2019,14.710914955016127,14.764170359841252
Lance STROLL,Russie,2017,16.40971272229822,16.5107421881816
Daniel RICCIARDO,Canada,2024,16.550791102958037,16.698046419598686
Sebastian VETTEL,Abou Dhabi,2020,18.297860253739824,18.041507619602637
Mick SCHUMACHER,Hongrie,2021,18.01689112074869,17.760358883604184
Daniel RICCIARDO,France,2021,15.591537280327591,15.672014616186798
Lando NORRIS,Mexico City,2022,18.290195167286246,19.021529677371202
Nico HULKENBERG,Autriche,2024,15.142427049559984,15.109701697972927
Esteban OCON,Etats-Unis,2024,16.977507709051334,17.027566950114988
Daniel RICCIARDO,Belgique,2015,15.510993717875502,15.50814192192001
Pascal WEHRLEIN,Singapour,2016,21.79493927125506,21.84149456150275
Felipe NASR,Malaisie,2015,18.276925852426483,19.38897263209213
Sebastian VETTEL,France,2022,15.914690325882958,15.949956189754639
Mick SCHUMACHER,Pays-Bas,2022,16.774360178445644,17.00717362102243
Valtteri BOTTAS,Las Vegas,2023,15.082244799225933,15.226620913991567
Lewis HAMILTON,Japon,2019,14.997766706751417,15.019283775313822
Daniel RICCIARDO,Émilie-Romagne,2022,18.281116316968834,17.342593367098868
George RUSSELL,Canada,2022,19.160055033249257,20.052500762178692
Kevin MAGNUSSEN,Italie,2017,17.34662523735543,17.66532138010744
Guanyu ZHOU,Espagne,2022,17.413356237921406,17.110001088433858
Guanyu ZHOU,Espagne,2024,15.619068069572686,15.717477397086007
Pierre GASLY,Mexico City,2022,18.511152416356875,18.368391662996174
Lewis HAMILTON,Autriche,2016,15.729967577582215,15.817491989290385
Nico HULKENBERG,Arabie saoudite,2024,14.420958859734371,14.361585137449472
Romain GROSJEAN,Hongrie,2015,19.21501940196302,19.082491016553867
Stoffel VANDOORNE,Autriche,2017,15.224872626215841,15.245694274302638
Kevin MAGNUSSEN,Hongrie,2017,18.0540972380735,17.779625784223704
Esteban OCON,Turquie,2021,15.89396777819408,15.768453582297578
Kevin MAGNUSSEN,Brésil,2016,17.036435367834763,16.94854661212205
Lando NORRIS,Qatar,2021,15.191635687732342,15.205844742447463
Lewis HAMILTON,Belgique,2015,15.305111364934325,15.503713376553277
Oscar PIASTRI,Miami,2024,16.206099815157117,16.173724373817052
Max VERSTAPPEN,Autriche,2019,14.691755442334415,14.749836337124231
Marcus ERICSSON,Abou Dhabi,2015,19.66256390835069,19.53568777325245
Romain GROSJEAN,Etats-Unis,2018,17.095955015418102,17.218339394695125
Lando NORRIS,Pays-Bas,2023,16.694998826015496,18.026178291566364
Esteban OCON,Pays-Bas,2023,19.2791735149096,18.17138342154293
Sebastian VETTEL,Turquie,2021,15.885162982390408,15.884553670913448
Antonio GIOVINAZZI,Russie,2020,16.175444596443228,16.18245488472317
Esteban OCON,Monaco,2022,21.89002097692538,21.735593454367862
Esteban OCON,Arabie saoudite,2022,14.426303854875282,14.587371597551561
Romain GROSJEAN,Australie,2018,15.78988253126184,15.764206411359243
Carlos SAINZ,Belgique,2019,15.206596230725301,15.143591332844275
Yuki TSUNODA,Miami,2022,16.623290203327173,16.597375905996774
Jolyon PALMER,Monaco,2016,22.95055439017081,22.737736045295676
Lando NORRIS,Etats-Unis,2023,17.205332849628153,17.27414964752496
Kevin MAGNUSSEN,Japon,2023,15.57550249098093,15.556462093320366
Fernando ALONSO,Monaco,2016,22.58405753670962,25.287587423769534
Yuki TSUNODA,Las Vegas,2024,15.002257700370908,15.067411472295575
Fernando ALONSO,Belgique,2018,14.979583095374073,16.679988594634633
Nico HULKENBERG,Mexique,2019,17.86361524163569,17.743647270979874
Lewis HAMILTON,Portugal,2020,16.473672899204814,16.44848370165018
George RUSSELL,Arabie saoudite,2024,14.304502753482344,14.274430018133067
Sergey SIROTKIN,Mexique,2018,18.096189591078065,17.963022344690366
Esteban OCON,Pays-Bas,2022,16.812632073256633,16.714218859809105
Alexander ALBON,Émilie-Romagne,2024,15.522509676105114,15.571009436399818
Guanyu ZHOU,Abou Dhabi,2022,16.172694565423217,16.272207632059974
Kimi RAIKKONEN,Russie,2021,18.7390560875513,18.46371089743343
Lewis HAMILTON,Italie,2024,13.72570343518039,13.7707258343335
Lando NORRIS,Singapour,2024,18.12246963562753,18.117800082544605
Sebastian VETTEL,Autriche,2015,15.93561834182492,16.29985366122506
Sergio PEREZ,Italie,2017,16.84481270498878,16.803619353952474
Daniel RICCIARDO,Grande-Bretagne,2020,14.600067900186726,14.653561051850776
George RUSSELL,Styrie,2021,14.977072718851323,15.049408915250897
Felipe MASSA,Monaco,2017,24.1321546299071,22.060396349128986
Lewis HAMILTON,Azerbaïdjan,2021,16.899883391637516,16.917378688904094
Esteban OCON,Bahreïn,2018,16.606430155210642,16.612095679616573
Sergio PEREZ,São Paulo,2022,17.54490601067533,16.78106608117505
Carlos SAINZ,Bahreïn,2015,17.45417590539542,17.506234358839873
Fernando ALONSO,Brésil,2017,16.156184729635648,16.291945859079963
Valtteri BOTTAS,Bahreïn,2019,16.307464892830748,16.293270661931828
Max VERSTAPPEN,Monaco,2018,21.99670362601139,21.283122073433617
Nyck de VRIES,Australie,2023,14.841796134899583,14.905809299450548
Sebastian VETTEL,France,2018,15.423989080361714,15.530951371356508
Felipe NASR,Singapour,2016,21.631578947368418,21.58903674353788
Lewis HAMILTON,Bahreïn,2024,16.576127124907615,16.514372258278907
Fernando ALONSO,Abou Dhabi,2024,15.753834501041469,15.805581463021156
Sergio PEREZ,Grande-Bretagne,2018,14.925819046002376,14.935674108379565
George RUSSELL,Sakhir,2020,9.867516629711751,10.09104263672536
Sebastian VETTEL,Abou Dhabi,2021,15.963832607460711,16.02510488788697
George RUSSELL,Azerbaïdjan,2024,16.970514742628684,17.07897772527172
Sebastian VETTEL,Hongrie,2022,18.094727231225747,17.902760575827365
Max VERSTAPPEN,Grande-Bretagne,2021,14.634017993549483,14.607141823291153
Robert KUBICA,Australie,2019,16.306744979158772,16.124730896641715
Valtteri BOTTAS,Autriche,2015,16.05349698934692,16.178262475346944
Valtteri BOTTAS,Sakhir,2020,9.862712490761272,10.032819721340093
Carlos SAINZ,Singapour,2016,21.09251012145749,21.32479140762747
Jenson BUTTON,Russie,2016,16.70673734610123,16.821058368737994
Daniel RICCIARDO,Grande-Bretagne,2021,14.751145815650993,14.77717429295699
Lance STROLL,Émilie-Romagne,2020,15.378692198003668,15.320725856341468
Charles LECLERC,Hongrie,2018,17.990641406071674,21.470324216830416
Mick SCHUMACHER,Russie,2021,18.78077975376197,18.681035520205043
Fernando ALONSO,Pays-Bas,2021,16.42545198403381,16.453761351454094
Esteban OCON,Canada,2018,16.52923641366659,16.602654630489713
Sebastian VETTEL,Azerbaïdjan,2021,17.028818923871395,17.141513074750574
Nico HULKENBERG,Australie,2015,16.90185676392573,16.845709713631695
Felipe NASR,Hongrie,2015,19.401278246975576,19.419163655239704
Romain GROSJEAN,Russie,2017,16.692886456908347,16.50882592281834
Kimi RAIKKONEN,Malaisie,2016,16.891935774851163,16.95994682584888
Carlos SAINZ,Australie,2017,16.007389162561573,16.02057164371064
Stoffel VANDOORNE,Canada,2018,16.708323778949783,16.657422717451784
Daniel RICCIARDO,Espagne,2016,17.75391883186601,17.99186962545574
Valtteri BOTTAS,Pays-Bas,2022,16.896219769899037,16.830015781426624
Carlos SAINZ,Australie,2024,14.434444865479348,14.582588146305248
Guanyu ZHOU,Japon,2024,15.485827177460918,15.522745646651265
Lance STROLL,Belgique,2019,14.99814391776128,15.152328365329364
Daniel RICCIARDO,Hongrie,2020,17.270257931979,17.247754182805238
Fernando ALONSO,Chine,2016,18.12988442487617,17.85981347792893
Max VERSTAPPEN,Portugal,2020,16.527831506554907,16.486857294465874
George RUSSELL,São Paulo,2022,16.722905546530516,16.790169444162387
Jolyon PALMER,Autriche,2016,15.739925891616492,16.084170895281847
Lewis HAMILTON,Autriche,2015,15.853404353867532,16.073802351926574
Mick SCHUMACHER,Grande-Bretagne,2022,17.4347309455101,19.24575002560487
Pierre GASLY,Japon,2017,15.687510736986773,15.508588580225638
Pierre GASLY,Bahreïn,2022,17.061714708056172,16.94294317784088
Lando NORRIS,Canada,2024,16.51479018573722,16.61454867144282
Daniil KVYAT,Canada,2017,16.897500573263013,16.942138210172907
Nicholas LATIFI,Monaco,2021,21.685945459994006,21.862122666422884
Nikita MAZEPIN,Italie,2021,14.278612118073537,14.282265900374947
Antonio GIOVINAZZI,Chine,2017,17.43826820766832,17.61219334024121
Lance STROLL,Italie,2024,13.98463663041602,14.032746963737093
Max VERSTAPPEN,Italie,2024,13.813568099430345,13.7895539237992
Nico HULKENBERG,Russie,2015,16.870554035567714,16.85202158160187
Daniel RICCIARDO,Sakhir,2020,9.969881744271989,9.998105572994698
Pierre GASLY,Autriche,2021,14.846456692913387,15.111200667133891
Antonio GIOVINAZZI,Portugal,2021,17.024715237481196,17.140423863790037
Nico HULKENBERG,Monaco,2024,21.364998501648188,21.4892773399762
Romain GROSJEAN,Japon,2019,15.3480501632022,15.37959297412358
Lewis HAMILTON,Autriche,2022,16.940944881889763,15.160018521338785
Yuki TSUNODA,Espagne,2024,15.67210650633455,15.64616082487601
Nico HULKENBERG,Italie,2018,14.25479026411186,14.085644558168408
Lando NORRIS,Espagne,2020,16.552286879965642,16.612263378023965
Lewis HAMILTON,Portugal,2021,16.83967332903503,16.879062265866338
Nico HULKENBERG,Chine,2017,17.167492203265457,17.28306981279646
Alexander ALBON,Bahreïn,2023,17.095343680709533,16.867675981799934
Carlos SAINZ,Autriche,2016,15.786012042612322,16.023910498871658
Sergio PEREZ,Singapour,2015,21.53542510121457,21.54188926553121
Romain GROSJEAN,Mexique,2017,18.46491635687732,18.13539557216102
Charles LECLERC,Qatar,2021,15.327695167286244,15.151198499085394
Sebastian VETTEL,Monaco,2019,21.26071321546299,21.234982097906155
Max VERSTAPPEN,Arabie saoudite,2021,14.1971169420149,14.341456367884017
Kevin MAGNUSSEN,Russie,2017,16.418775649794803,16.512741345655904
Valtteri BOTTAS,Europe,2016,17.53223388305847,17.496222900245968
Kevin MAGNUSSEN,Styrie,2020,18.57596109309866,18.860834285472915
Esteban OCON,France,2018,15.709776488653814,15.773378652616225
Nico HULKENBERG,Mexico City,2023,18.24442379182156,18.277700160843587
Esteban OCON,Grande-Bretagne,2020,14.634017993549483,14.748589030383952
Logan SARGEANT,Canada,2023,19.109607888099063,20.296414009096384
Lando NORRIS,Espagne,2024,15.328108224178655,15.4746942485114
George RUSSELL,Pays-Bas,2022,16.705095092744777,16.548173959068002
Felipe NASR,Etats-Unis,2015,22.346091057500455,21.935752254675236
Pierre GASLY,Mexique,2018,17.935408921933085,17.866511510104683
Sergey SIROTKIN,Azerbaïdjan,2018,17.30568049308679,17.181468497377377
Fernando ALONSO,Grande-Bretagne,2023,14.880156170429467,14.98133277752819
Jolyon PALMER,Chine,2017,17.479178132452763,17.353133380305266
Romain GROSJEAN,Espagne,2020,16.7680910457376,16.7093143184328
Daniil KVYAT,Mexique,2016,18.925185873605948,18.657769168522375
Nicholas LATIFI,Miami,2022,16.880776340110906,16.687954195590155
Roberto MERHI,Russie,2015,17.750341997264023,17.588139273468634
Kimi RAIKKONEN,Abou Dhabi,2021,16.05358833554251,16.097033854336146
Sergey SIROTKIN,Chine,2018,17.255916345624655,17.406534077987356
Max VERSTAPPEN,Las Vegas,2023,15.014352523786487,15.044215751809757
Nico HULKENBERG,Singapour,2017,20.447975708502025,20.3137450745197
Pascal WEHRLEIN,Monaco,2016,23.210068924183396,22.97622370846305
Sebastian VETTEL,Espagne,2018,16.385011810178227,16.576098583781903
Liam LAWSON,Abou Dhabi,2024,15.806097330051129,15.74225853173813
Lance STROLL,Autriche,2017,15.425660027790647,15.235244721743076
Romain GROSJEAN,Chine,2019,17.057787561915248,17.144926531240486
Esteban OCON,Autriche,2017,15.209356183418253,15.17325118124576
Esteban OCON,Arabie saoudite,2021,14.358114674441202,14.42704348604979
Sergio PEREZ,Japon,2018,16.70314378972685,15.487560667863724
Daniel RICCIARDO,Etats-Unis,2019,16.957736259749684,16.979896926893648
Sebastian VETTEL,Azerbaïdjan,2017,16.965017491254375,16.959955091943872
Daniel RICCIARDO,Canada,2015,17.453336390736073,17.317516553007525
Kimi RAIKKONEN,Canada,2019,16.5627149736299,16.592191459895503
Carlos SAINZ,Malaisie,2016,17.206206025617895,17.158343554745233
Kevin MAGNUSSEN,Italie,2019,13.915933022613498,13.944830239600902
Sergio PEREZ,Russie,2017,16.30249658002736,16.368504788606227
Guanyu ZHOU,Australie,2024,14.81394467601364,14.734819199029323
Kevin MAGNUSSEN,Monaco,2022,21.852262511237637,21.969456152826673
Sebastian VETTEL,Belgique,2018,16.97672758423758,16.63601147233589
Romain GROSJEAN,Émilie-Romagne,2020,15.465064167854962,15.368464797927588
Valtteri BOTTAS,Mexico City,2024,18.080157992565056,17.956865417286885
Lewis HAMILTON,Grande-Bretagne,2019,14.445594975386182,14.505789235293504
Fernando ALONSO,Azerbaïdjan,2023,16.867066466766616,17.074626091608362
Kevin MAGNUSSEN,Malaisie,2017,16.856215046003967,16.76889777198301
Alexander ALBON,São Paulo,2022,16.62357855650963,16.905155314285842
Kevin MAGNUSSEN,Australie,2017,16.4545282303903,16.120234562454304
Fernando ALONSO,Bahreïn,2023,16.69179600886918,16.787313175809985
Esteban OCON,Russie,2021,18.10277017783858,17.90271943706333
George RUSSELL,Miami,2024,16.27855822550832,16.220263002675097
Stoffel VANDOORNE,Bahreïn,2016,16.987065779748708,17.190158615951393
Pierre GASLY,Allemagne,2018,16.123524267599475,16.12229571356233
Romain GROSJEAN,Australie,2019,15.503220917014017,15.635768301979267
Kimi RAIKKONEN,Australie,2019,15.595680181887076,15.673284304951434
Sergio PEREZ,Japon,2023,15.401133825803129,15.33632821103066
Sebastian VETTEL,Etats-Unis,2019,16.695265735534193,16.800215770987368
Lance STROLL,Etats-Unis,2024,17.006892798839107,17.10696341441898
George RUSSELL,Belgique,2020,14.772701313535125,14.797580427764634
Lando NORRIS,Singapour,2022,22.385425101214572,22.9839181557185
Valtteri BOTTAS,Monaco,2018,21.408750374587953,21.240415482046934
Max VERSTAPPEN,Grande-Bretagne,2019,14.475640808012221,14.544608110656064
Lewis HAMILTON,Brésil,2015,16.56068693432351,16.58532055316315
Guanyu ZHOU,Arabie saoudite,2023,14.48995788791707,14.675033367151897
Antonio GIOVINAZZI,Abou Dhabi,2020,18.604052262829008,18.47148295657194
Pierre GASLY,Émilie-Romagne,2024,15.559380729272766,15.441145770936359
Charles LECLERC,Japon,2019,14.989348909122144,15.099784040813027
Carlos SAINZ,Allemagne,2018,15.892435505028423,16.113587135095038
Daniil KVYAT,Espagne,2020,16.575477775391885,16.694824984221427
Charles LECLERC,Monaco,2022,21.38927180101888,21.45491303635856
Fernando ALONSO,Mexico City,2024,17.929368029739777,17.966908902898606
Nico HULKENBERG,Abou Dhabi,2016,19.030676008331756,19.099618234451576
Sergio PEREZ,Russie,2021,18.0124829001368,17.859514673321314
Max VERSTAPPEN,Espagne,2024,15.332402834442776,15.43160208828314
Sebastian VETTEL,Grande-Bretagne,2018,14.58767611610932,14.630559247083786
Jenson BUTTON,Italie,2016,14.396513032970827,14.383502911926355
Daniel RICCIARDO,Belgique,2017,14.829097658480869,15.01994974098556
Lewis HAMILTON,Azerbaïdjan,2019,16.75062468765617,16.818051527505233
Felipe MASSA,Hongrie,2016,23.738644145172334,19.286483042313527
Carlos SAINZ,Arabie saoudite,2022,14.318432134758664,14.76629538620437
Max VERSTAPPEN,France,2018,15.476027981573111,15.526065803264734
Yuki TSUNODA,Mexico City,2024,17.920306691449813,17.980166937951605
Max VERSTAPPEN,Qatar,2023,15.572118959107806,15.548075889462451
Daniel RICCIARDO,Etats-Unis,2021,17.015780881552693,17.376449815011373
Carlos SAINZ,France,2019,15.27418529261218,15.467660488632916
Fernando ALONSO,Singapour,2024,18.261943319838053,18.30695036326361
Marcus ERICSSON,Belgique,2018,14.891633352370075,15.780022777644216
Carlos SAINZ,France,2022,15.83176932264119,15.612362382702
Valtteri BOTTAS,Émilie-Romagne,2024,15.609289060908537,15.84202889972829
George RUSSELL,Émilie-Romagne,2024,15.325728254226929,15.336187838425912
Kimi RAIKKONEN,Malaisie,2015,18.432798123759696,19.38634731750831
Sergio PEREZ,Pays-Bas,2023,16.87720122094388,17.956849702710674
Lance STROLL,Arabie saoudite,2022,14.740686750890832,14.675319877977023
Mick SCHUMACHER,Etats-Unis,2022,17.61491021222565,17.571552896216552
Esteban OCON,Autriche,2021,15.065076424270497,15.020447904343603
Nikita MAZEPIN,Azerbaïdjan,2021,17.36431784107946,17.309440242170275
Valtteri BOTTAS,Arabie saoudite,2024,14.444282474894719,14.393152708455828
Sergio PEREZ,Grande-Bretagne,2017,15.091156000679002,15.241142873066321
Fernando ALONSO,Abou Dhabi,2022,16.11361484567317,16.123923564042887
Carlos SAINZ,Mexique,2016,18.675185873605948,18.72186735090882
Lance STROLL,Italie,2017,16.74987053340238,16.525504032823434
Esteban GUTIERREZ,Brésil,2016,16.809236481782314,16.828949979304987
Stoffel VANDOORNE,Bahreïn,2018,16.72671840354767,16.626744991987152
Nico HULKENBERG,Hongrie,2017,17.68272083999087,17.83561105572085
Brendon HARTLEY,Mexique,2018,17.933085501858734,17.94899032275684
Nico HULKENBERG,Etats-Unis,2015,21.6457464175585,21.298594355711696
Kevin MAGNUSSEN,Etats-Unis,2024,16.956466533647742,17.09251819305312
Carlos SAINZ,Autriche,2020,14.814960629921263,15.070185134672453
Robert KUBICA,Russie,2019,16.496922024623803,16.342960138583386
